uid,study,longitude_study,latitude_study,pack_id,denning_date,denning_doy,denned,fall_tmax,summer_tmax_prev1,winter_tmax,fall_prcp,summer_prcp_prev1,winter_swe,tiNDVI_prev1,annual_pdo,annual_ao,sos_prev1,los_prev1,latitude_individual
1,"ADFG Nelchina Public Use Area, Alaska, USA",-146.81178,62.408363,1,2003-05-16,136,1,5,16,-7,143,193,68,13.90891361,0.220833333,0.071583333,137.3106384,20.80891132,62.79311
2,"ADFG Nelchina Public Use Area, Alaska, USA",-146.81178,62.408363,2,2001-05-10,130,1,1,16,-4,135,165,88,11.54162359,-0.59,-0.046416667,151.309906,16.39204025,62.71075
3,"ADFG Nelchina Public Use Area, Alaska, USA",-146.81178,62.408363,3,2005-05-19,139,1,3,21,-2,297,76,144,13.88853025,0.345,-0.192333333,126.038147,21.95401955,61.96162
4,"ADFG Nelchina Public Use Area, Alaska, USA",-146.81178,62.408363,4,2001-05-12,132,1,0,15,-5,185,213,172,10.87636614,-0.59,-0.046416667,154.9714813,15.44408274,62.52824
5,"ADFG Nelchina Public Use Area, Alaska, USA",-146.81178,62.408363,4,2002-04-07,97,1,-1,14,-7,126,254,116,10.6528511,-0.5625,-0.1615,169.4906006,14.95166016,62.62456
6,"ADFG Nelchina Public Use Area, Alaska, USA",-146.81178,62.408363,5,2005-04-23,113,1,3,21,-3,68,12,92,13.1304493,0.345,-0.192333333,131.6372681,18.91277409,62.12581
7,"ADFG Nelchina Public Use Area, Alaska, USA",-146.81178,62.408363,6,2001-05-09,129,1,0,16,-5,150,158,100,11.17097569,-0.59,-0.046416667,151.2582397,15.82817268,62.43054
8,"ADFG Nelchina Public Use Area, Alaska, USA",-146.81178,62.408363,6,2002-04-24,114,1,0,16,-7,86,166,48,13.20588923,-0.5625,-0.1615,146.8656616,18.98569298,62.42047
9,"ADFG Nelchina Public Use Area, Alaska, USA",-146.81178,62.408363,7,2000-05-03,124,1,0,16,-4,123,293,120,-9999,-1.063333333,0.1125,-9999,-9999,62.52257
10,"ADFG Nelchina Public Use Area, Alaska, USA",-146.81178,62.408363,8,2005-04-22,112,1,3,21,-2,299,76,144,13.87188911,0.345,-0.192333333,125.7902832,21.98268127,61.96596
11,"Jasper-Banff National Park, Alberta-BC, CA",-117.699282,52.97054829,9,2007-05-20,140,1,6,18,0,223,177,40,8.108010292,0.190833333,0.13775,138.4108887,19.73883057,53.8531381
12,"Jasper-Banff National Park, Alberta-BC, CA",-117.699282,52.97054829,9,2008-05-01,122,1,5,16,0,93,225,88,8.849129677,-0.195833333,0.26875,155.8549805,18.34882927,53.73783997
13,"Jasper-Banff National Park, Alberta-BC, CA",-117.699282,52.97054829,9,2009-04-27,117,1,7,17,-1,60,245,108,9.747300148,-1.2925,0.176833333,150.5848389,20.9493084,53.80230724
14,"Jasper-Banff National Park, Alberta-BC, CA",-117.699282,52.97054829,10,2010-04-11,101,1,0,14,-1,111,324,136,6.670649529,-0.6125,-0.330333333,170.2351074,13.63833904,51.34498
15,"Jasper-Banff National Park, Alberta-BC, CA",-117.699282,52.97054829,10,2011-04-27,117,1,6,16,-3,360,425,140,8.832161903,-0.3125,-1.04275,172.34375,16.44020462,50.66811
16,"Jasper-Banff National Park, Alberta-BC, CA",-117.699282,52.97054829,11,2003-04-29,119,1,4,15,-2,149,149,112,6.153502941,0.220833333,0.071583333,165.0544739,13.42799664,51.58950072
17,"Jasper-Banff National Park, Alberta-BC, CA",-117.699282,52.97054829,12,2010-04-15,105,1,3,16,2,255,180,40,7.198803186,-0.6125,-0.330333333,174.5240479,13.23872519,52.57847105
18,"Jasper-Banff National Park, Alberta-BC, CA",-117.699282,52.97054829,13,2001-04-14,104,1,7,18,1,124,305,60,7.01181078,-0.59,-0.046416667,151.5027618,18.4135685,54.42452637
19,"Jasper-Banff National Park, Alberta-BC, CA",-117.699282,52.97054829,14,2009-05-02,122,1,6,15,-1,73,287,160,7.172988415,-1.2925,0.176833333,173.6906738,14.10268021,53.61508
20,"Jasper-Banff National Park, Alberta-BC, CA",-117.699282,52.97054829,15,2007-04-20,110,1,7,20,0,171,146,40,7.639842033,0.190833333,0.13775,130.6032715,20.86236668,54.22524665
21,"Jasper-Banff National Park, Alberta-BC, CA",-117.699282,52.97054829,16,2001-04-23,113,1,7,18,3,99,309,44,7.885603428,-0.59,-0.046416667,144.2286377,19.21088219,54.21787635
22,"Jasper-Banff National Park, Alberta-BC, CA",-117.699282,52.97054829,17,2004-05-12,133,1,5,17,0,170,157,76,7.192527294,0.969166667,0.152083333,146.8325195,19.88401985,52.6206
23,"Jasper-Banff National Park, Alberta-BC, CA",-117.699282,52.97054829,17,2005-05-08,128,1,5,17,0,155,310,40,5.675846577,0.345,-0.192333333,159.3741455,16.98406982,52.62221156
24,"Jasper-Banff National Park, Alberta-BC, CA",-117.699282,52.97054829,17,2006-04-28,118,1,6,14,-1.5,217,396,92,6.315459251,0.375,-0.37525,142.7124634,19.05222893,52.50705522
25,"Jasper-Banff National Park, Alberta-BC, CA",-117.699282,52.97054829,18,2007-04-18,108,1,7,20,0,193,124,92,8.472978115,0.190833333,0.13775,124.0793457,22.11355209,54.60537591
26,"Jasper-Banff National Park, Alberta-BC, CA",-117.699282,52.97054829,18,2008-05-01,122,1,7,18,0,127,238,62,10.26899767,-0.195833333,0.26875,140.355957,22.20223713,54.9240551
27,"Jasper-Banff National Park, Alberta-BC, CA",-117.699282,52.97054829,19,2001-04-08,98,1,6,17,1,137,323,60,6.262105942,-0.59,-0.046416667,153.7651978,18.26557922,54.29498693
28,"Jasper-Banff National Park, Alberta-BC, CA",-117.699282,52.97054829,20,2003-04-23,113,1,4,15,-3,111,159,108,4.43682456,0.220833333,0.071583333,179.315155,10.86912727,52.87148474
29,"Jasper-Banff National Park, Alberta-BC, CA",-117.699282,52.97054829,20,2004-04-22,113,1,5,16,0,203,134,96,6.781384945,0.969166667,0.152083333,160.3459473,15.75830555,52.86135821
30,"Jasper-Banff National Park, Alberta-BC, CA",-117.699282,52.97054829,21,2007-04-04,94,1,8,20,0,185,169,24,8.852737427,0.190833333,0.13775,134.8710938,20.43847942,53.89360421
31,"Jasper-Banff National Park, Alberta-BC, CA",-117.699282,52.97054829,22,2007-04-16,106,1,6,18,-1,236,207,56,8.044736862,0.190833333,0.13775,131.2434082,21.24743271,53.4839346
32,"Jasper-Banff National Park, Alberta-BC, CA",-117.699282,52.97054829,23,2000-03-29,89,1,8,18,1,36,198,52,-9999,-1.063333333,0.1125,-9999,-9999,54.11108183
33,"Jasper-Banff National Park, Alberta-BC, CA",-117.699282,52.97054829,23,2001-04-16,106,1,7,18,2,104,291,52,6.351713181,-0.59,-0.046416667,163.4367523,14.95849133,54.108595
34,"Jasper-Banff National Park, Alberta-BC, CA",-117.699282,52.97054829,24,2004-04-30,121,1,4,18,0,185,122,116,7.71157074,0.969166667,0.152083333,153.4356079,18.89420605,51.74988763
35,"Jasper-Banff National Park, Alberta-BC, CA",-117.699282,52.97054829,24,2004-05-03,124,1,4,18,0,185,122,116,7.563047647,0.969166667,0.152083333,154.6491699,18.72269058,51.75027334
36,"Jasper-Banff National Park, Alberta-BC, CA",-117.699282,52.97054829,25,2003-04-26,116,1,3,14,-3,168,157,140,4.420537472,0.220833333,0.071583333,177.3093872,11.65386009,51.66151992
37,"Jasper-Banff National Park, Alberta-BC, CA",-117.699282,52.97054829,25,2004-04-16,107,1,2,16,-2,235,131,172,6.484278679,0.969166667,0.152083333,168.9327393,14.97852993,51.67094925
38,"Jasper-Banff National Park, Alberta-BC, CA",-117.699282,52.97054829,26,2003-04-27,117,1,8,21,1,101,133,52,7.813348055,0.220833333,0.071583333,156.7200317,20.0609026,52.91135779
39,"Jasper-Banff National Park, Alberta-BC, CA",-117.699282,52.97054829,26,2007-04-23,113,1,7,21,1,124,139,58,8.810760498,0.190833333,0.13775,112.3630371,23.85149193,52.91218152
40,"Jasper-Banff National Park, Alberta-BC, CA",-117.699282,52.97054829,26,2009-04-24,114,1,8,17,0,86,326,92,7.679009914,-1.2925,0.176833333,166.0258789,16.94945717,52.91166033
41,"Jasper-Banff National Park, Alberta-BC, CA",-117.699282,52.97054829,26,2010-04-26,116,1,5,20,3,167,162,20,7.506218672,-0.6125,-0.330333333,136.9417725,20.63473892,52.81039464
42,"Jasper-Banff National Park, Alberta-BC, CA",-117.699282,52.97054829,27,2000-04-23,114,1,9,19,1,61,218,60,-9999,-1.063333333,0.1125,-9999,-9999,54.31818619
43,"Jasper-Banff National Park, Alberta-BC, CA",-117.699282,52.97054829,28,2007-04-30,120,1,5,19,-1,145,166,128,9.451223373,0.190833333,0.13775,134.1591797,20.77511978,52.63088995
44,"Jasper-Banff National Park, Alberta-BC, CA",-117.699282,52.97054829,28,2009-04-15,105,1,6,15,-1,152,303,196,7.480442524,-1.2925,0.176833333,167.5288086,15.73159981,52.63069946
45,"Jasper-Banff National Park, Alberta-BC, CA",-117.699282,52.97054829,28,2010-04-05,95,1,3,17,2,232,184,52,7.408097267,-0.6125,-0.330333333,156.9654541,15.78265667,52.63023185
46,"Jasper-Banff National Park, Alberta-BC, CA",-117.699282,52.97054829,29,2006-04-19,109,1,2,10,-5,218,352,140,2.813451529,0.375,-0.37525,178.1508789,10.53366375,52.30038664
47,"Jasper-Banff National Park, Alberta-BC, CA",-117.699282,52.97054829,29,2007-04-22,112,1,1,12,-5,191,209,200,5.727705479,0.190833333,0.13775,156.4677734,16.79372978,52.16202123
48,"Jasper-Banff National Park, Alberta-BC, CA",-117.699282,52.97054829,29,2009-04-26,116,1,6,13,-2,136,397,64,4.065203667,-1.2925,0.176833333,180.8012695,13.38881302,52.43068452
49,"Jasper-Banff National Park, Alberta-BC, CA",-117.699282,52.97054829,29,2010-04-28,118,1,3,15,2,127,211,60,5.013170242,-0.6125,-0.330333333,175.6037598,12.84733915,52.5745811
50,"Jasper-Banff National Park, Alberta-BC, CA",-117.699282,52.97054829,30,2004-04-18,109,1,7,19,1,159,110,72,6.643832684,0.969166667,0.152083333,145.6958008,20.05709934,51.80460661
51,"West Athabasca River, Alberta, CA",-112.9667875,55.85988375,31,2007-04-24,114,1,5,22,-6,88,248,72,14.66663837,0.190833333,0.13775,101.3188477,26.26405334,56.226
52,"West Athabasca River, Alberta, CA",-112.9667875,55.85988375,32,2007-04-03,93,1,4,21,-4,96,277,80,12.44224167,0.190833333,0.13775,113.4853516,22.55408859,55.31821
53,"West Athabasca River, Alberta, CA",-112.9667875,55.85988375,33,2006-05-14,134,1,10,20,-4,23,309,112,13.64419651,0.375,-0.37525,106.1629639,27.10558319,56.1596
54,"West Athabasca River, Alberta, CA",-112.9667875,55.85988375,33,2007-05-10,130,1,4,22,-5,67,244,56,12.3580718,0.190833333,0.13775,111.9140625,23.52230167,56.17333
55,"West Athabasca River, Alberta, CA",-112.9667875,55.85988375,34,2006-05-02,122,1,10,20,-4,29,300,68,14.81020212,0.375,-0.37525,103.2689819,29.07176876,56.0559
56,"West Athabasca River, Alberta, CA",-112.9667875,55.85988375,35,2007-04-22,112,1,5,22,-5,80,238,60,13.63137817,0.190833333,0.13775,110.315918,24.54871941,55.77698
57,"West Athabasca River, Alberta, CA",-112.9667875,55.85988375,36,2006-04-24,114,1,10,20,-4,37,282,60,14.6389122,0.375,-0.37525,92.73968506,31.30609989,55.83282
58,"West Athabasca River, Alberta, CA",-112.9667875,55.85988375,37,2006-04-14,104,1,9,19,-4,52,320,72,14.36481047,0.375,-0.37525,105.8287964,28.78534412,55.33623
59,"Denali National Park, Alaska, USA",-150.4863814,63.6352304,38,2004-05-08,129,1,4,17,-9,165,297,324,15.39587879,0.969166667,0.152083333,114.6453857,23.10032845,62.96068858
60,"Denali National Park, Alaska, USA",-150.4863814,63.6352304,39,2005-04-05,95,1,2,25,-5,119,142,80,15.09720612,0.345,-0.192333333,119.5288086,21.35590553,64.090989
61,"Denali National Park, Alaska, USA",-150.4863814,63.6352304,39,2006-05-10,130,1,0,23,-10,152,174,16,14.60904884,0.375,-0.37525,123.7861328,20.41674995,63.852328
62,"Denali National Park, Alaska, USA",-150.4863814,63.6352304,39,2007-05-18,138,1,3,20,-11,62,281,60,13.67764187,0.190833333,0.13775,130.1027832,20.35155964,63.853027
63,"Denali National Park, Alaska, USA",-150.4863814,63.6352304,39,2010-05-04,124,1,3,20,-11,75,121,56,14.65429831,-0.6125,-0.330333333,125.6711426,22.69600391,63.619835
64,"Denali National Park, Alaska, USA",-150.4863814,63.6352304,39,2013-04-14,104,1,-3,20,-8,97,247,80,14.75928211,-1.1,-0.1815,122.7250977,21.067173,63.87332
65,"Denali National Park, Alaska, USA",-150.4863814,63.6352304,39,2014-05-02,122,1,3,22,-6,156,142,44,13.88779545,-0.5175,0.001,143.4047852,19.90328026,63.92095
66,"Denali National Park, Alaska, USA",-150.4863814,63.6352304,39,2015-05-14,134,1,0,19,-6,94,290.5,40,14.55719566,1.130833333,-0.066666667,116.3188477,21.44126129,63.94015
67,"Denali National Park, Alaska, USA",-150.4863814,63.6352304,39,2016-05-17,138,1,2,20,-5,175,221.5,36,14.0217309,1.634166667,0.629583333,115.3842773,20.21605682,63.96223
68,"Denali National Park, Alaska, USA",-150.4863814,63.6352304,40,2007-04-17,107,1,4,19,-11,70,305,80,12.35276461,0.190833333,0.13775,133.0340576,19.41087055,63.49357981
69,"Denali National Park, Alaska, USA",-150.4863814,63.6352304,41,2005-05-13,133,1,1,21,-4,141,156,108,13.57112646,0.345,-0.192333333,129.2156982,19.63027477,63.755034
70,"Denali National Park, Alaska, USA",-150.4863814,63.6352304,41,2006-05-14,134,1,0,19,-10,170,205,44,14.52177429,0.375,-0.37525,125.5065918,20.27884293,63.75587951
71,"Denali National Park, Alaska, USA",-150.4863814,63.6352304,42,2016-05-04,125,1,2,15,-3,330,510,48,12.69062519,1.634166667,0.629583333,131.7473145,16.53040791,63.39513
72,"Denali National Park, Alaska, USA",-150.4863814,63.6352304,43,2014-05-08,128,1,2,16,-5,188,205,44,10.98704433,-0.5175,0.001,158.1362305,14.12060261,63.717828
73,"Denali National Park, Alaska, USA",-150.4863814,63.6352304,44,2004-05-17,138,1,0,14,-9,151,480,174,11.5745306,0.969166667,0.152083333,152.8966064,18.63911438,63.6264
74,"Denali National Park, Alaska, USA",-150.4863814,63.6352304,44,2008-05-08,129,1,0,15,-8,99,251,116,10.21758175,-0.195833333,0.26875,146.078125,14.85365677,63.62798872
75,"Denali National Park, Alaska, USA",-150.4863814,63.6352304,44,2009-04-29,119,1,-3,12,-9,112,347,80,9.51363945,-1.2925,0.176833333,155.9344482,14.04966593,63.62756963
76,"Denali National Park, Alaska, USA",-150.4863814,63.6352304,44,2011-04-06,96,1,1,14,-7,83,318,120,13.80439186,-0.3125,-1.04275,132.9836426,19.88356781,63.81384285
77,"Denali National Park, Alaska, USA",-150.4863814,63.6352304,44,2011-03-20,79,1,1,15,-8,91,316,124,13.57001543,-0.3125,-1.04275,132.2418213,19.90895271,63.81592534
78,"Denali National Park, Alaska, USA",-150.4863814,63.6352304,44,2012-05-14,135,1,1,14,-11,71,227,114,11.89647055,-1.230833333,0.525666667,138.8513184,18.15084362,63.63108
79,"Denali National Park, Alaska, USA",-150.4863814,63.6352304,44,2013-05-05,125,1,-4,15,-6,123,280,80,12.56420183,-1.1,-0.1815,141.0976563,17.30807018,63.80507018
80,"Denali National Park, Alaska, USA",-150.4863814,63.6352304,44,2014-05-03,123,1,3,17,-5,182,214,48,11.63605404,-0.5175,0.001,155.8037109,15.276824,63.80889911
81,"Denali National Park, Alaska, USA",-150.4863814,63.6352304,44,2015-05-06,126,1,0,15,-4,127,365,68,13.02468252,1.130833333,-0.066666667,117.5568848,20.00973415,63.87561
82,"Denali National Park, Alaska, USA",-150.4863814,63.6352304,44,2016-03-12,72,1,0,16,-7,132,388,64,12.51504993,1.634166667,0.629583333,132.8996582,16.84449196,64.83106
83,"Denali National Park, Alaska, USA",-150.4863814,63.6352304,45,2015-05-02,122,1,-2,15,-9,74,382,80,11.35257483,1.130833333,-0.066666667,146.5043945,16.57498837,65.04992
84,"Denali National Park, Alaska, USA",-150.4863814,63.6352304,46,2004-05-18,139,1,1,14,-9,211,513,250,10.89799309,0.969166667,0.152083333,153.116394,18.15785217,63.499228
85,"Denali National Park, Alaska, USA",-150.4863814,63.6352304,46,2005-05-15,135,1,0,18,-4,213,150,172,9.843179703,0.345,-0.192333333,141.9202881,14.6982584,63.499509
86,"Denali National Park, Alaska, USA",-150.4863814,63.6352304,46,2006-05-12,132,1,-1,16,-11,223,283,68,10.03743362,0.375,-0.37525,144.9036865,16.6463871,63.49955288
87,"Denali National Park, Alaska, USA",-150.4863814,63.6352304,46,2009-04-22,112,1,-4,11,-8,163,332,112,8.449971676,-1.2925,0.176833333,159.5362549,13.3521409,63.499751
88,"Denali National Park, Alaska, USA",-150.4863814,63.6352304,46,2010-05-01,121,1,0,12,-7,79,219,120,9.643234253,-0.6125,-0.330333333,146.5938721,16.64762497,63.49961524
89,"Denali National Park, Alaska, USA",-150.4863814,63.6352304,46,2011-05-20,140,1,0,12,-8,107,421,164,11.73861504,-0.3125,-1.04275,142.5925293,18.42648697,63.53729
90,"Denali National Park, Alaska, USA",-150.4863814,63.6352304,46,2012-04-24,115,1,0,12,-11,82,251,120,11.11862087,-1.230833333,0.525666667,141.0654297,17.95438576,63.53782
91,"Denali National Park, Alaska, USA",-150.4863814,63.6352304,46,2014-04-30,120,1,2,14,-4,222,272,52,9.686933041,-0.5175,0.001,158.9248047,13.69228268,63.59009
92,"Denali National Park, Alaska, USA",-150.4863814,63.6352304,46,2015-05-05,125,1,0,12,-3,119.5,399,92,9.639296532,1.130833333,-0.066666667,151.0253906,15.66315556,63.53738607
93,"Denali National Park, Alaska, USA",-150.4863814,63.6352304,46,2016-05-18,139,1,2,14,-2,295,499,52,10.99856806,1.634166667,0.629583333,136.9599609,15.35294771,63.538699
94,"Denali National Park, Alaska, USA",-150.4863814,63.6352304,47,2007-05-14,134,1,3,16,-10,96,347,120,11.30400658,0.190833333,0.13775,141.8137207,17.22458267,63.23558866
95,"Denali National Park, Alaska, USA",-150.4863814,63.6352304,47,2008-05-09,130,1,0,17,-8,196,273,238,13.71414566,-0.195833333,0.26875,117.1516113,20.05543518,63.21453
96,"Denali National Park, Alaska, USA",-150.4863814,63.6352304,48,2007-04-04,94,1,3,20,-11,64,316,60,12.59002113,0.190833333,0.13775,131.6970215,19.07174683,63.8080536
97,"Denali National Park, Alaska, USA",-150.4863814,63.6352304,48,2013-03-20,79,1,-2,19,-9,124,237,92,14.46241283,-1.1,-0.1815,120.7744141,21.4958992,63.645816
98,"Denali National Park, Alaska, USA",-150.4863814,63.6352304,48,2015-04-14,104,1,0,18,-7,57,301,68,14.07053089,1.130833333,-0.066666667,117.2819824,21.41187477,63.81474495
99,"Denali National Park, Alaska, USA",-150.4863814,63.6352304,49,2011-05-03,123,1,0,19,-7,129,298,92,14.35770893,-0.3125,-1.04275,117.6147461,21.75299263,63.77410072
100,"Denali National Park, Alaska, USA",-150.4863814,63.6352304,50,2010-05-16,136,1,1,16,-8,117,223,104,13.21670532,-0.6125,-0.330333333,132.2655029,18.75396061,63.2524965
101,"Denali National Park, Alaska, USA",-150.4863814,63.6352304,51,2014-05-10,130,1,3,17,-4,273,250,68,12.2355895,-0.5175,0.001,151.7714844,15.75175619,63.434072
102,"Denali National Park, Alaska, USA",-150.4863814,63.6352304,52,2012-05-21,142,1,1,14,-11,119,318,128,13.97812748,-1.230833333,0.525666667,132.2949219,20.47143936,63.193574
103,"Denali National Park, Alaska, USA",-150.4863814,63.6352304,52,2015-05-12,132,1,0,14,-4,168,456,132,11.97880173,1.130833333,-0.066666667,132.1723633,18.12861633,63.25267902
104,"Denali National Park, Alaska, USA",-150.4863814,63.6352304,52,2016-05-15,136,1,2,16,-3,307.5,414,52,12.48510408,1.634166667,0.629583333,128.1298828,17.35967255,63.273901
105,"Denali National Park, Alaska, USA",-150.4863814,63.6352304,53,2013-05-05,125,1,-2,20,-9,127,247,88,14.53571796,-1.1,-0.1815,120.2304688,21.41965485,63.87336119
106,"Denali National Park, Alaska, USA",-150.4863814,63.6352304,53,2014-04-29,119,1,3,22,-6,206,153,44,13.38520908,-0.5175,0.001,141.2382813,19.86852837,63.88185
107,"Denali National Park, Alaska, USA",-150.4863814,63.6352304,53,2016-05-06,127,1,2,19,-6,216,216,36,13.67285061,1.634166667,0.629583333,116.4848633,20.15716648,63.77427
108,"Denali National Park, Alaska, USA",-150.4863814,63.6352304,54,2009-03-25,84,1,-4,18,-9,142,223,92,12.95927715,-1.2925,0.176833333,130.8273926,19.05230522,63.544358
109,"Denali National Park, Alaska, USA",-150.4863814,63.6352304,54,2010-04-27,117,1,3,19,-10,83,160,56,14.36235714,-0.6125,-0.330333333,124.0671387,22.06470871,63.546166
110,"Denali National Park, Alaska, USA",-150.4863814,63.6352304,54,2011-05-17,137,1,1,15,-7,164,381,160,15.01180172,-0.3125,-1.04275,120.7932129,22.21150017,62.99380496
111,"Denali National Park, Alaska, USA",-150.4863814,63.6352304,55,2012-05-13,134,1,1,14,-11,90,287,120,13.41761684,-1.230833333,0.525666667,138.4672852,19.25792694,63.44942
112,"Denali National Park, Alaska, USA",-150.4863814,63.6352304,56,2006-05-05,125,1,1,22,-9,191,184,32,13.83516788,0.375,-0.37525,124.7801514,20.07367897,63.628278
113,"Denali National Park, Alaska, USA",-150.4863814,63.6352304,57,2005-05-12,132,1,0,21,-4,188,168,128,12.82821083,0.345,-0.192333333,133.367981,16.18787479,63.68050599
114,"Denali National Park, Alaska, USA",-150.4863814,63.6352304,57,2007-05-05,125,1,3,14,-11,90,346,96,11.41273022,0.190833333,0.13775,142.2353516,17.39044571,63.512956
115,"Denali National Park, Alaska, USA",-150.4863814,63.6352304,57,2008-04-27,118,1,0,17,-9,147,248,126,13.35752916,-0.195833333,0.26875,128.0942383,18.26301861,63.679438
116,"Denali National Park, Alaska, USA",-150.4863814,63.6352304,57,2010-05-05,125,1,1,16,-9,67,177,72,13.32501173,-0.6125,-0.330333333,133.293335,18.53198719,63.51312
117,"Denali National Park, Alaska, USA",-150.4863814,63.6352304,57,2011-06-08,159,1,0,15,-7,116,406,120,15.25674486,-0.3125,-1.04275,123.9355469,21.35910225,64.044133
118,"Denali National Park, Alaska, USA",-150.4863814,63.6352304,57,2012-05-13,134,1,1,16,-14,76,202,56,13.43547249,-1.230833333,0.525666667,139.6455078,19.15332031,63.939536
119,"Denali National Park, Alaska, USA",-150.4863814,63.6352304,57,2013-04-16,106,1,-4,16,-7,128,299,92,13.40807629,-1.1,-0.1815,137.8435059,17.92069912,63.744864
120,"Denali National Park, Alaska, USA",-150.4863814,63.6352304,57,2014-05-01,121,1,3,18,-5,181,210,56,12.13427353,-0.5175,0.001,152.2116699,15.90174007,63.85061
121,"Denali National Park, Alaska, USA",-150.4863814,63.6352304,57,2015-04-26,116,1,0,16,-4,121,358,68,12.96724176,1.130833333,-0.066666667,121.9516602,19.52537537,63.861796
122,"Denali National Park, Alaska, USA",-150.4863814,63.6352304,57,2016-04-27,118,1,2,16,-4,225,376,40,13.16869259,1.634166667,0.629583333,125.8671875,17.63374138,63.7563914
123,"Denali National Park, Alaska, USA",-150.4863814,63.6352304,58,2007-04-02,92,1,3,14,-10,107,391,128,11.52598953,0.190833333,0.13775,142.5488281,17.41718578,63.2787
124,"Denali National Park, Alaska, USA",-150.4863814,63.6352304,59,2016-05-06,127,1,2,13,-2,326,525.5,52,10.54775238,1.634166667,0.629583333,141.84375,14.84796906,63.27245
125,"Denali National Park, Alaska, USA",-150.4863814,63.6352304,60,2004-04-21,112,1,1,15,-9,139,388,144,12.03324509,0.969166667,0.152083333,148.1246338,19.09357834,63.693696
126,"Denali National Park, Alaska, USA",-150.4863814,63.6352304,60,2005-04-27,117,1,0,19,-4,137,178,96,11.37667751,0.345,-0.192333333,139.5395508,15.19939327,63.6951915
127,"Denali National Park, Alaska, USA",-150.4863814,63.6352304,60,2006-04-28,118,1,0,17,-11,186,235,52,12.74364567,0.375,-0.37525,145.1166992,17.94329453,63.695817
128,"Denali National Park, Alaska, USA",-150.4863814,63.6352304,60,2007-05-19,139,1,2,12,-12,86,292,52,10.09737968,0.190833333,0.13775,146.9787598,15.66229725,63.696005
129,"Denali National Park, Alaska, USA",-150.4863814,63.6352304,60,2008-05-03,124,1,0,18,-8,87,226,88,12.97737122,-0.195833333,0.26875,125.4287109,18.52227879,63.828667
130,"Denali National Park, Alaska, USA",-150.4863814,63.6352304,60,2009-05-15,135,1,-4,15,-10,91,327,64,11.8894558,-1.2925,0.176833333,138.4470215,16.58493805,63.82842497
131,"Denali National Park, Alaska, USA",-150.4863814,63.6352304,61,2015-05-09,129,1,0,14,-4,102,411,96,12.37830257,1.130833333,-0.066666667,133.5964355,17.67663479,63.512778
132,"Denali National Park, Alaska, USA",-150.4863814,63.6352304,61,2016-05-09,130,1,2,15,-3,279,473,44,12.08957911,1.634166667,0.629583333,131.965332,15.85334873,63.51298
133,"Denali National Park, Alaska, USA",-150.4863814,63.6352304,62,2011-05-17,137,1,1,14,-8,80,294,136,12.94293118,-0.3125,-1.04275,140.286377,19.02679634,63.71769323
134,"Denali National Park, Alaska, USA",-150.4863814,63.6352304,62,2012-05-14,135,1,0,13,-11,75,233,128,10.90259361,-1.230833333,0.525666667,145.0419922,17.14203262,63.72003641
135,"Denali National Park, Alaska, USA",-150.4863814,63.6352304,63,2010-05-12,132,1,3,20,-10,75,145,48,14.65450668,-0.6125,-0.330333333,126.34375,22.23299408,63.50275073
136,"Denali National Park, Alaska, USA",-150.4863814,63.6352304,64,2015-05-07,127,1,0,14,-4,112,374,68,11.0233593,1.130833333,-0.066666667,139.3891602,16.51513672,63.71757
137,"Denali National Park, Alaska, USA",-150.4863814,63.6352304,64,2016-05-06,127,1,2,15,-2,259,453,52,11.18354511,1.634166667,0.629583333,134.5566406,15.51445389,63.654141
138,"Denali National Park, Alaska, USA",-150.4863814,63.6352304,65,2007-05-20,140,1,3,15,-10,155,327,228,11.35459805,0.190833333,0.13775,143.2834473,17.28337097,62.99428635
139,"Denali National Park, Alaska, USA",-150.4863814,63.6352304,65,2008-05-10,131,1,0,17,-8,251,239,258,13.38521957,-0.195833333,0.26875,114.6993408,19.97778988,63.01414598
140,"Denali National Park, Alaska, USA",-150.4863814,63.6352304,65,2011-05-12,132,1,2,19,-6,137,240,172,14.90831566,-0.3125,-1.04275,118.9370117,22.73716354,63.004
141,"Denali National Park, Alaska, USA",-150.4863814,63.6352304,65,2015-05-27,147,1,1,18,-6,53,280,60,14.21033669,1.130833333,-0.066666667,117.8947754,21.43418312,63.31331304
142,"Denali National Park, Alaska, USA",-150.4863814,63.6352304,65,2016-05-16,137,1,3,19,-5,208,206,32,15.23374748,1.634166667,0.629583333,117.484375,22.1765604,63.35248
143,"Denali National Park, Alaska, USA",-150.4863814,63.6352304,66,2010-05-11,131,1,3,20,-11,60,157,36,14.54419327,-0.6125,-0.330333333,125.1191406,22.16851425,63.871767
144,"Lake Clark National Park, Alaska, USA",-154.5812048,60.49528592,67,2009-05-01,121,1,2,16,-3,263,164,216,11.28314161,-1.2925,0.176833333,151.5084229,16.70261765,60.19957
145,"Lake Clark National Park, Alaska, USA",-154.5812048,60.49528592,67,2010-05-04,124,1,7,17,-1,371,180,12,12.96138573,-0.6125,-0.330333333,134.8952637,19.27530098,59.82089
146,"Lake Clark National Park, Alaska, USA",-154.5812048,60.49528592,67,2011-04-29,119,1,7,15,-1,168,247,12,11.55019188,-0.3125,-1.04275,141.453125,18.82560921,60.02730658
147,"Lake Clark National Park, Alaska, USA",-154.5812048,60.49528592,68,2010-05-12,132,1,4,16,-6,244,175,52,15.3162384,-0.6125,-0.330333333,133.22229,20.85702896,60.39916716
148,"Lake Clark National Park, Alaska, USA",-154.5812048,60.49528592,68,2012-05-07,128,1,6,15,-8,201,251,24,13.87071466,-1.230833333,0.525666667,145.5036621,19.50623226,60.38573537
149,"Lake Clark National Park, Alaska, USA",-154.5812048,60.49528592,69,2009-05-23,143,1,0,16,-4,228,157,248,11.44755077,-1.2925,0.176833333,149.2255859,16.64244175,60.272624
150,"Lake Clark National Park, Alaska, USA",-154.5812048,60.49528592,69,2012-05-14,135,1,5,15,-7,228,262,52,12.15181923,-1.230833333,0.525666667,148.5705566,18.20320034,60.554599
151,"Lake Clark National Park, Alaska, USA",-154.5812048,60.49528592,70,2009-04-21,111,1,0,17,-6,251,180,404,10.5508213,-1.2925,0.176833333,152.1621094,15.52853394,60.945
152,"Lake Clark National Park, Alaska, USA",-154.5812048,60.49528592,70,2010-04-19,109,1,4,18,-5,442,379,104,13.90533829,-0.6125,-0.330333333,128.7199707,20.32907963,60.944987
153,"Lake Clark National Park, Alaska, USA",-154.5812048,60.49528592,71,2013-05-16,136,1,0,14,-2,246,318,112,12.75289345,-1.1,-0.1815,150.0322266,17.38361931,60.94496596
154,"Lake Clark National Park, Alaska, USA",-154.5812048,60.49528592,72,2011-04-16,106,1,4,15,-4,249,380,244,12.07784653,-0.3125,-1.04275,139.857666,18.87607002,60.9533
155,"Yukon-Charley Rivers National Preserve, Alaska, USA",-143.2279622,65.04693702,73,2003-05-16,136,1,2,19,-10,88,431,148,12.80946255,0.220833333,0.071583333,138.321167,17.96438599,64.50105
156,"Yukon-Charley Rivers National Preserve, Alaska, USA",-143.2279622,65.04693702,74,2003-04-25,115,1,1,16,-9,108,385,108,12.62349558,0.220833333,0.071583333,137.381897,18.29446125,64.91864967
157,"Yukon-Charley Rivers National Preserve, Alaska, USA",-143.2279622,65.04693702,74,2004-05-08,129,1,0,18,-14,117,316,120,14.00085258,0.969166667,0.152083333,139.2384033,20.27372169,64.91733296
158,"Yukon-Charley Rivers National Preserve, Alaska, USA",-143.2279622,65.04693702,74,2005-05-08,128,1,-2,21,-9,118,113,136,11.62444162,0.345,-0.192333333,138.0183105,16.43247414,64.91765695
159,"Yukon-Charley Rivers National Preserve, Alaska, USA",-143.2279622,65.04693702,74,2006-05-13,133,1,-1,18,-15,191,147,48,11.55225372,0.375,-0.37525,130.1937256,16.79863358,65.06560563
160,"Yukon-Charley Rivers National Preserve, Alaska, USA",-143.2279622,65.04693702,74,2007-05-15,135,1,1,16,-16,83,282,56,12.60400772,0.190833333,0.13775,141.6313477,19.35452461,64.90383652
161,"Yukon-Charley Rivers National Preserve, Alaska, USA",-143.2279622,65.04693702,74,2008-05-20,141,1,-3,19,-15,79,281,116,12.47022867,-0.195833333,0.26875,136.3723145,18.28260136,64.90360945
162,"Yukon-Charley Rivers National Preserve, Alaska, USA",-143.2279622,65.04693702,74,2009-05-12,132,1,-7,15,-16,137,312,88,10.52634144,-1.2925,0.176833333,145.644043,15.46252537,64.90374242
163,"Yukon-Charley Rivers National Preserve, Alaska, USA",-143.2279622,65.04693702,74,2011-05-08,128,1,-1,17,-13,84,386,92,13.07290459,-0.3125,-1.04275,135.6660156,19.03468704,64.790171
164,"Yukon-Charley Rivers National Preserve, Alaska, USA",-143.2279622,65.04693702,74,2012-05-10,131,1,0,16,-14,63,436,76,11.50670052,-1.230833333,0.525666667,142.6801758,17.44288445,64.789998
165,"Yukon-Charley Rivers National Preserve, Alaska, USA",-143.2279622,65.04693702,75,2006-05-07,127,1,0,22,-15,115,117,40,10.4684968,0.375,-0.37525,126.0988159,17.71956158,65.3896
166,"Yukon-Charley Rivers National Preserve, Alaska, USA",-143.2279622,65.04693702,76,2007-05-19,139,1,1,16,-16,97,321,64,10.8899231,0.190833333,0.13775,146.2922363,17.90589333,64.70788768
167,"Yukon-Charley Rivers National Preserve, Alaska, USA",-143.2279622,65.04693702,76,2008-05-10,131,1,-2,20,-14,74,359,112,11.75073957,-0.195833333,0.26875,139.7476807,17.66404247,64.708324
168,"Yukon-Charley Rivers National Preserve, Alaska, USA",-143.2279622,65.04693702,76,2009-04-19,109,1,-6,16,-16,132,325,96,10.26436615,-1.2925,0.176833333,148.7967529,15.09736538,64.770447
169,"Yukon-Charley Rivers National Preserve, Alaska, USA",-143.2279622,65.04693702,76,2010-05-18,138,1,0,18,-10,108,263,80,11.64874077,-0.6125,-0.330333333,143.057373,16.84702492,64.50857128
170,"Yukon-Charley Rivers National Preserve, Alaska, USA",-143.2279622,65.04693702,77,2003-05-22,142,1,2,15,-10,112,391,100,12.24902487,0.220833333,0.071583333,137.6193542,17.82561111,65.168556
171,"Yukon-Charley Rivers National Preserve, Alaska, USA",-143.2279622,65.04693702,77,2004-05-18,139,1,0,17,-15,127,387,116,14.04196835,0.969166667,0.152083333,139.0217285,20.32271004,65.0890225
172,"Yukon-Charley Rivers National Preserve, Alaska, USA",-143.2279622,65.04693702,77,2005-05-13,133,1,-1,20,-8,127,115,160,11.79927921,0.345,-0.192333333,140.508667,15.80195618,65.159198
173,"Yukon-Charley Rivers National Preserve, Alaska, USA",-143.2279622,65.04693702,78,2006-05-14,134,1,0,17,-15,234,212,44,10.92730808,0.375,-0.37525,140.5453491,16.00921726,64.855194
174,"Yukon-Charley Rivers National Preserve, Alaska, USA",-143.2279622,65.04693702,78,2007-05-15,135,1,2,15,-15,103,297,36,11.46338272,0.190833333,0.13775,141.8818359,17.97293663,64.85502119
175,"Yukon-Charley Rivers National Preserve, Alaska, USA",-143.2279622,65.04693702,79,2008-05-07,128,1,-2,22,-15,51,179,68,13.00993347,-0.195833333,0.26875,120.4899902,20.83365822,65.17919
176,"Yukon-Charley Rivers National Preserve, Alaska, USA",-143.2279622,65.04693702,80,2007-05-18,138,1,1,19,-17,60,202,36,13.17556858,0.190833333,0.13775,136.7189941,20.2838974,65.309464
177,"Yukon-Charley Rivers National Preserve, Alaska, USA",-143.2279622,65.04693702,80,2009-05-03,123,1,-6,18,-15,87,228,44,11.60606384,-1.2925,0.176833333,126.0889893,17.87419701,65.20892485
178,"Yukon-Charley Rivers National Preserve, Alaska, USA",-143.2279622,65.04693702,81,2003-05-03,123,1,3,19,-10,91,225,48,12.98385811,0.220833333,0.071583333,130.6199036,19.98336506,65.1906
179,"Yukon-Charley Rivers National Preserve, Alaska, USA",-143.2279622,65.04693702,82,2006-05-07,127,1,-1,20,-15,138,143,44,11.40948915,0.375,-0.37525,126.2811279,17.33269691,65.2476
180,"Yukon-Charley Rivers National Preserve, Alaska, USA",-143.2279622,65.04693702,83,2003-05-18,138,1,2,17,-13,100,217,140,10.1412859,0.220833333,0.071583333,139.7901001,17.31549835,65.56093025
181,"Yukon-Charley Rivers National Preserve, Alaska, USA",-143.2279622,65.04693702,84,2008-05-09,130,1,-2,18,-14,69,278,108,11.54430246,-0.195833333,0.26875,136.0350342,17.34026814,64.8914
182,"Yukon-Charley Rivers National Preserve, Alaska, USA",-143.2279622,65.04693702,84,2009-05-25,145,1,-6,15,-15,116,287,76,10.5269165,-1.2925,0.176833333,144.1586914,15.70259285,64.81569111
183,"Yukon-Charley Rivers National Preserve, Alaska, USA",-143.2279622,65.04693702,84,2010-05-06,126,1,-1,16,-10,88,262,72,11.62105274,-0.6125,-0.330333333,142.2145996,16.54464436,64.81523886
184,"Yukon-Charley Rivers National Preserve, Alaska, USA",-143.2279622,65.04693702,84,2011-04-28,118,1,-1,14,-11,101,258,80,12.14009094,-0.3125,-1.04275,137.4685059,18.50569344,64.81584751
185,"Yukon-Charley Rivers National Preserve, Alaska, USA",-143.2279622,65.04693702,84,2012-05-06,127,1,-1,14,-14,103,373,72,10.80175686,-1.230833333,0.525666667,143.5026855,16.60281277,64.81566114
186,"Yukon-Charley Rivers National Preserve, Alaska, USA",-143.2279622,65.04693702,84,2013-05-09,129,1,-7,14,-10,104,284,164,10.51596069,-1.1,-0.1815,155.0854492,15.2226305,64.81737
187,"Yukon-Charley Rivers National Preserve, Alaska, USA",-143.2279622,65.04693702,85,2010-04-29,119,1,0,21,-11,58,162,56,13.41457891,-0.6125,-0.330333333,126.9822998,20.95913792,65.31604151
188,"Yukon-Charley Rivers National Preserve, Alaska, USA",-143.2279622,65.04693702,85,2011-05-02,122,1,0,20,-12,57,211,52,14.07702351,-0.3125,-1.04275,120.7338867,21.13910103,65.231934
189,"Yukon-Charley Rivers National Preserve, Alaska, USA",-143.2279622,65.04693702,85,2012-05-09,130,1,0,18,-14,47,310,56,12.33861017,-1.230833333,0.525666667,132.7590332,18.68783379,65.21667696
190,"Yukon-Charley Rivers National Preserve, Alaska, USA",-143.2279622,65.04693702,85,2013-04-03,93,1,-4,20,-12,59,155,96,12.07274914,-1.1,-0.1815,136.1289063,18.22393799,65.290074
191,"Yukon-Charley Rivers National Preserve, Alaska, USA",-143.2279622,65.04693702,86,2010-05-16,136,1,1,20,-10,61,181,64,12.11983109,-0.6125,-0.330333333,132.0100098,20.68526363,65.2947434
192,"Yukon-Charley Rivers National Preserve, Alaska, USA",-143.2279622,65.04693702,86,2011-05-03,123,1,0,20,-12,58,143,60,12.97602177,-0.3125,-1.04275,122.434082,21.94273472,65.29111154
193,"Yukon-Charley Rivers National Preserve, Alaska, USA",-143.2279622,65.04693702,86,2013-05-06,126,1,-4,20,-12,54,144,92,12.10715294,-1.1,-0.1815,140.46875,18.84312248,65.29471
194,"Yukon-Charley Rivers National Preserve, Alaska, USA",-143.2279622,65.04693702,87,2013-05-05,125,1,-1,18,-11,137,225,80,14.54948092,-1.1,-0.1815,140.5959473,20.1948185,64.74742
195,"Yukon-Charley Rivers National Preserve, Alaska, USA",-143.2279622,65.04693702,88,2012-05-09,130,1,0,15,-14,85,382,80,11.15517902,-1.230833333,0.525666667,143.0883789,16.83451462,64.79071369
196,"Yukon-Charley Rivers National Preserve, Alaska, USA",-143.2279622,65.04693702,88,2013-05-12,132,1,-6,15,-11,100,319,184,9.724783897,-1.1,-0.1815,159.2216797,14.56438732,64.71359292
197,"Yukon-Charley Rivers National Preserve, Alaska, USA",-143.2279622,65.04693702,88,2014-05-12,132,1,0,17,-9,213,201,76,10.82739353,-0.5175,0.001,155.2941895,14.37735796,64.790969
198,"Yukon-Charley Rivers National Preserve, Alaska, USA",-143.2279622,65.04693702,89,2012-04-29,120,1,0,18,-15,45,243,52,11.18270016,-1.230833333,0.525666667,134.6669922,18.25474262,65.638527
199,"Yukon-Charley Rivers National Preserve, Alaska, USA",-143.2279622,65.04693702,89,2013-05-01,121,1,-4,20,-13,51,128,92,12.12339211,-1.1,-0.1815,138.6865234,18.63214302,65.47332223
200,"Yukon-Charley Rivers National Preserve, Alaska, USA",-143.2279622,65.04693702,90,2007-05-18,138,1,2,19,-17,54,199,36,12.37514591,0.190833333,0.13775,134.3864746,20.46256828,65.03105
201,"Yukon-Charley Rivers National Preserve, Alaska, USA",-143.2279622,65.04693702,90,2008-05-07,128,1,-2,22,-15,49,161,68,12.56821156,-0.195833333,0.26875,123.7145996,20.27915001,65.03102734
202,"Yukon-Charley Rivers National Preserve, Alaska, USA",-143.2279622,65.04693702,90,2009-05-09,129,1,-5,18,-15,101,256,48,10.70103502,-1.2925,0.176833333,128.5784912,17.03623009,65.02917
203,"Yukon-Charley Rivers National Preserve, Alaska, USA",-143.2279622,65.04693702,90,2010-05-06,126,1,0,20,-10,77,194,68,13.25782824,-0.6125,-0.330333333,128.0703125,21.09976482,65.03088017
204,"Yukon-Charley Rivers National Preserve, Alaska, USA",-143.2279622,65.04693702,90,2011-05-07,127,1,0,20,-12,65,217,60,13.54338837,-0.3125,-1.04275,120.2614746,21.53560638,65.03068112
205,"Yukon-Charley Rivers National Preserve, Alaska, USA",-143.2279622,65.04693702,90,2012-05-20,141,1,1,18,-14,37,302,72,11.8310132,-1.230833333,0.525666667,138.0063477,18.36139679,65.03055112
206,"Yukon-Charley Rivers National Preserve, Alaska, USA",-143.2279622,65.04693702,90,2013-05-11,131,1,-4,20,-12,59,152,96,11.95245838,-1.1,-0.1815,134.1904297,18.26078033,65.0315
207,"Yukon-Charley Rivers National Preserve, Alaska, USA",-143.2279622,65.04693702,91,2005-05-07,127,1,-1,23,-10,77,86,88,11.24626064,0.345,-0.192333333,130.8823853,17.15760136,65.061955
208,"Yukon-Charley Rivers National Preserve, Alaska, USA",-143.2279622,65.04693702,91,2006-05-17,137,1,-1,20,-16,149,83,48,9.890947342,0.375,-0.37525,129.4274292,17.20907784,65.03102
209,"Yukon-Charley Rivers National Preserve, Alaska, USA",-143.2279622,65.04693702,92,2008-05-04,125,1,-2,19,-14,62,282,96,13.20039845,-0.195833333,0.26875,128.3723145,19.26463699,65.165222
210,"Yukon-Charley Rivers National Preserve, Alaska, USA",-143.2279622,65.04693702,93,2007-05-19,139,1,1,15,-16,89,275,52,12.82219076,0.190833333,0.13775,140.9909668,19.23883915,65.12803
211,"Yukon-Charley Rivers National Preserve, Alaska, USA",-143.2279622,65.04693702,94,2011-05-05,125,1,-1,19,-13,78,333,76,13.67992592,-0.3125,-1.04275,126.1420898,20.62667274,65.061943
212,"Yukon-Charley Rivers National Preserve, Alaska, USA",-143.2279622,65.04693702,95,2006-04-29,119,1,-1,20,-16,128,89,36,10.69470406,0.375,-0.37525,125.2232666,18.54915237,65.5852
213,"Yukon-Charley Rivers National Preserve, Alaska, USA",-143.2279622,65.04693702,96,2012-05-03,124,1,0,20,-15,58,284,40,11.55108929,-1.230833333,0.525666667,128.5498047,18.51011467,65.38333
214,"Yukon-Charley Rivers National Preserve, Alaska, USA",-143.2279622,65.04693702,97,2011-05-08,128,1,-1,16,-11,83,211,64,14.08384132,-0.3125,-1.04275,129.3276367,19.61472702,65.15223
215,"Yukon-Charley Rivers National Preserve, Alaska, USA",-143.2279622,65.04693702,97,2012-05-03,124,1,-1,15,-15,88,361,60,11.40781498,-1.230833333,0.525666667,138.9384766,16.81549263,65.22283
216,"Yukon-Charley Rivers National Preserve, Alaska, USA",-143.2279622,65.04693702,97,2013-05-20,140,1,-6,15,-11,102,277,132,11.08411407,-1.1,-0.1815,150.5991211,15.47471905,65.2227044
217,"Yukon-Charley Rivers National Preserve, Alaska, USA",-143.2279622,65.04693702,97,2015-05-11,131,1,-2,14,-8,93,365,72,11.40904617,1.130833333,-0.066666667,141.7768555,16.79592419,65.14648
218,"Gwich'in Natural Resources Board, Northwest Territories, CA",-135.7636667,67.83619667,98,2007-05-22,142,1,-2,13,-23,119,182,104,7.583862782,0.190833333,0.13775,169.6220703,13.39548492,67.8874
219,"Gwich'in Natural Resources Board, Northwest Territories, CA",-135.7636667,67.83619667,99,2007-05-13,133,1,0,20,-21,79,118,76,9.929038048,0.190833333,0.13775,161.5556641,14.40826893,67.75907
220,"Gwich'in Natural Resources Board, Northwest Territories, CA",-135.7636667,67.83619667,100,2007-05-10,130,1,-1,15,-23,104,165,88,8.661948204,0.190833333,0.13775,165.8137207,14.13585854,67.86212
221,"Great Slave Lake, Northwest Territories, CA",-116.1111827,60.88060334,101,2017-04-15,105,1,3,23,-10,89,108,68,12.20559216,1.5425,-0.11425,125.0151367,21.64501095,61.31516425
222,"Great Slave Lake, Northwest Territories, CA",-116.1111827,60.88060334,102,2017-05-04,124,1,3,23,-10,118,150,96,14.18863392,1.5425,-0.11425,118.043457,23.58101463,60.38971842
223,"Great Slave Lake, Northwest Territories, CA",-116.1111827,60.88060334,103,2017-04-16,106,1,3,22,-11,91,102,88,11.15275812,1.5425,-0.11425,126.5952148,21.61351299,61.44428752
224,"Great Slave Lake, Northwest Territories, CA",-116.1111827,60.88060334,104,2016-05-07,128,1,4,22,-11,76,159,64,14.60290289,1.634166667,0.629583333,121.7131348,23.29243946,60.86530692
225,"Great Slave Lake, Northwest Territories, CA",-116.1111827,60.88060334,104,2017-05-11,131,1,3,23,-10,118,152,76,14.55405807,1.5425,-0.11425,121.1665039,23.34378433,60.86528173
226,"Great Slave Lake, Northwest Territories, CA",-116.1111827,60.88060334,105,2016-05-05,126,1,3,21,-12,91,149,64,14.14888287,1.634166667,0.629583333,121.4731445,22.36804199,60.88616595
227,"Great Slave Lake, Northwest Territories, CA",-116.1111827,60.88060334,106,2016-05-02,123,1,5,22,-11,90,174,84,14.53638077,1.634166667,0.629583333,121.4882813,23.20752621,60.3982986
